v-sweep	v(v1)	v(v2)	v(vout)
0	0	0	1.41054151
0.01	0.01	0	1.41117685
0.02	0.02	0	1.41087902
0.03	0.03	0	1.41000453
0.04	0.04	0	1.41271849
0.05	0.05	0	1.41282004
0.06	0.06	0	1.40956019
0.07	0.07	0	1.41304135
0.08	0.08	0	1.40904593
0.09	0.09	0	1.41201777
0.1	0.1	0	1.40974954
0.11	0.11	0	1.41236185
0.12	0.12	0	1.4116547
0.13	0.13	0	1.79942987
0.14	0.14	0	1.79999142
0.15	0.15	0	1.79999656
0.16	0.16	0	1.79999788
0.17	0.17	0	1.79999835
0.18	0.18	0	1.79999866
0.19	0.19	0	1.79999884
0.2	0.2	0	1.79999896
0.21	0.21	0	1.79999905
0.22	0.22	0	1.79999912
0.23	0.23	0	1.79999917
0.24	0.24	0	1.79999921
0.25	0.25	0	1.79999925
0.26	0.26	0	1.79999927
0.27	0.27	0	1.79999929
0.28	0.28	0	1.79999932
0.29	0.29	0	1.79999933
0.3	0.3	0	1.79999934
0.31	0.31	0	1.79999935
0.32	0.32	0	1.79999936
0.33	0.33	0	1.79999937
0.34	0.34	0	1.79999937
0.35	0.35	0	1.79999938
0.36	0.36	0	1.79999939
0.37	0.37	0	1.79999939
0.38	0.38	0	1.79999939
0.39	0.39	0	1.79999939
0.4	0.4	0	1.7999994
0.41	0.41	0	1.7999994
0.42	0.42	0	1.7999994
0.43	0.43	0	1.7999994
0.44	0.44	0	1.7999994
0.45	0.45	0	1.7999994
0.46	0.46	0	1.7999994
0.47	0.47	0	1.7999994
0.48	0.48	0	1.7999994
0.49	0.49	0	1.7999994
0.5	0.5	0	1.7999994
0.51	0.51	0	1.7999994
0.52	0.52	0	1.7999994
0.53	0.53	0	1.7999994
0.54	0.54	0	1.7999994
0.55	0.55	0	1.7999994
0.56	0.56	0	1.7999994
0.57	0.57	0	1.7999994
0.58	0.58	0	1.7999994
0.59	0.59	0	1.7999994
0.6	0.6	0	1.7999994
0.61	0.61	0	1.7999994
0.62	0.62	0	1.7999994
0.63	0.63	0	1.7999994
0.64	0.64	0	1.7999994
0.65	0.65	0	1.7999994
0.66	0.66	0	1.7999994
0.67	0.67	0	1.7999994
0.68	0.68	0	1.7999994
0.69	0.69	0	1.7999994
0.7	0.7	0	1.7999994
0.71	0.71	0	1.7999994
0.72	0.72	0	1.7999994
0.73	0.73	0	1.7999994
0.74	0.74	0	1.7999994
0.75	0.75	0	1.7999994
0.76	0.76	0	1.7999994
0.77	0.77	0	1.7999994
0.78	0.78	0	1.7999994
0.79	0.79	0	1.7999994
0.8	0.8	0	1.7999994
0.81	0.81	0	1.7999994
0.82	0.82	0	1.7999994
0.83	0.83	0	1.7999994
0.84	0.84	0	1.7999994
0.85	0.85	0	1.7999994
0.86	0.86	0	1.7999994
0.87	0.87	0	1.7999994
0.88	0.88	0	1.7999994
0.89	0.89	0	1.7999994
0.9	0.9	0	1.7999994
0.91	0.91	0	1.7999994
0.92	0.92	0	1.7999994
0.93	0.93	0	1.7999994
0.94	0.94	0	1.7999994
0.95	0.95	0	1.7999994
0.96	0.96	0	1.7999994
0.97	0.97	0	1.7999994
0.98	0.98	0	1.7999994
0.99	0.99	0	1.7999994
1	1	0	1.7999994
1.01	1.01	0	1.7999994
1.02	1.02	0	1.7999994
1.03	1.03	0	1.7999994
1.04	1.04	0	1.7999994
1.05	1.05	0	1.7999994
1.06	1.06	0	1.7999994
1.07	1.07	0	1.7999994
1.08	1.08	0	1.7999994
1.09	1.09	0	1.7999994
1.1	1.1	0	1.7999994
1.11	1.11	0	1.7999994
1.12	1.12	0	1.7999994
1.13	1.13	0	1.7999994
1.14	1.14	0	1.7999994
1.15	1.15	0	1.7999994
1.16	1.16	0	1.7999994
1.17	1.17	0	1.7999994
1.18	1.18	0	1.7999994
1.19	1.19	0	1.7999994
1.2	1.2	0	1.7999994
1.21	1.21	0	1.7999994
1.22	1.22	0	1.7999994
1.23	1.23	0	1.7999994
1.24	1.24	0	1.7999994
1.25	1.25	0	1.7999994
1.26	1.26	0	1.7999994
1.27	1.27	0	1.7999994
1.28	1.28	0	1.7999994
1.29	1.29	0	1.7999994
1.3	1.3	0	1.7999994
1.31	1.31	0	1.7999994
1.32	1.32	0	1.7999994
1.33	1.33	0	1.7999994
1.34	1.34	0	1.7999994
1.35	1.35	0	1.7999994
1.36	1.36	0	1.7999994
1.37	1.37	0	1.7999994
1.38	1.38	0	1.7999994
1.39	1.39	0	1.7999994
1.4	1.4	0	1.7999994
1.41	1.41	0	1.7999994
1.42	1.42	0	1.7999994
1.43	1.43	0	1.7999994
1.44	1.44	0	1.7999994
1.45	1.45	0	1.7999994
1.46	1.46	0	1.7999994
1.47	1.47	0	1.7999994
1.48	1.48	0	1.7999994
1.49	1.49	0	1.7999994
1.5	1.5	0	1.7999994
1.51	1.51	0	1.7999994
1.52	1.52	0	1.7999994
1.53	1.53	0	1.7999994
1.54	1.54	0	1.7999994
1.55	1.55	0	1.7999994
1.56	1.56	0	1.7999994
1.57	1.57	0	1.7999994
1.58	1.58	0	1.7999994
1.59	1.59	0	1.7999994
1.6	1.6	0	1.7999994
1.61	1.61	0	1.7999994
1.62	1.62	0	1.7999994
1.63	1.63	0	1.7999994
1.64	1.64	0	1.7999994
1.65	1.65	0	1.7999994
1.66	1.66	0	1.7999994
1.67	1.67	0	1.7999994
1.68	1.68	0	1.7999994
1.69	1.69	0	1.7999994
1.7	1.7	0	1.7999994
1.71	1.71	0	1.7999994
1.72	1.72	0	1.7999994
1.73	1.73	0	1.7999994
1.74	1.74	0	1.7999994
1.75	1.75	0	1.7999994
1.76	1.76	0	1.7999994
1.77	1.77	0	1.7999994
1.78	1.78	0	1.7999994
1.79	1.79	0	1.7999994
1.8	1.8	0	1.7999994
0	0	0.3	0.00306740395
0.01	0.01	0.3	0.00306799906
0.02	0.02	0.3	0.00306881171
0.03	0.03	0.3	0.00306970967
0.04	0.04	0.3	0.00307077895
0.05	0.05	0.3	0.00307205315
0.06	0.06	0.3	0.00307358524
0.07	0.07	0.3	0.00307543925
0.08	0.08	0.3	0.00307770902
0.09	0.09	0.3	0.00308050626
0.1	0.1	0.3	0.00308400626
0.11	0.11	0.3	0.00308847857
0.12	0.12	0.3	0.00309435347
0.13	0.13	0.3	0.00310245534
0.14	0.14	0.3	0.00311461962
0.15	0.15	0.3	0.00313652478
0.16	0.16	0.3	0.00323326309
0.17	0.17	0.3	0.00357647896
0.18	0.18	0.3	0.0040292141
0.19	0.19	0.3	0.00457133056
0.2	0.2	0.3	0.00526032539
0.21	0.21	0.3	0.00687515064
0.22	0.22	0.3	0.00947999623
0.23	0.23	0.3	0.0126412529
0.24	0.24	0.3	0.0163811239
0.25	0.25	0.3	0.0208656159
0.26	0.26	0.3	0.0265076103
0.27	0.27	0.3	0.0340562469
0.28	0.28	0.3	0.0456330997
0.29	0.29	0.3	0.0699151265
0.3	0.3	0.3	0.99471629
0.31	0.31	0.3	1.75479766
0.32	0.32	0.3	1.769905
0.33	0.33	0.3	1.77842983
0.34	0.34	0.3	1.78301149
0.35	0.35	0.3	1.7864629
0.36	0.36	0.3	1.78924563
0.37	0.37	0.3	1.79141451
0.38	0.38	0.3	1.79312294
0.39	0.39	0.3	1.79448445
0.4	0.4	0.3	1.79557496
0.41	0.41	0.3	1.79644946
0.42	0.42	0.3	1.79714957
0.43	0.43	0.3	1.79770777
0.44	0.44	0.3	1.79815011
0.45	0.45	0.3	1.79849794
0.46	0.46	0.3	1.79876914
0.47	0.47	0.3	1.79897873
0.48	0.48	0.3	1.79913937
0.49	0.49	0.3	1.79926163
0.5	0.5	0.3	1.79935414
0.51	0.51	0.3	1.79942385
0.52	0.52	0.3	1.79947621
0.53	0.53	0.3	1.79951549
0.54	0.54	0.3	1.79954489
0.55	0.55	0.3	1.79956687
0.56	0.56	0.3	1.79958329
0.57	0.57	0.3	1.79959552
0.58	0.58	0.3	1.79960464
0.59	0.59	0.3	1.79961141
0.6	0.6	0.3	1.79961642
0.61	0.61	0.3	1.79962014
0.62	0.62	0.3	1.79962289
0.63	0.63	0.3	1.79962492
0.64	0.64	0.3	1.79962641
0.65	0.65	0.3	1.79962751
0.66	0.66	0.3	1.79962831
0.67	0.67	0.3	1.7996289
0.68	0.68	0.3	1.79962934
0.69	0.69	0.3	1.79962965
0.7	0.7	0.3	1.79962988
0.71	0.71	0.3	1.79963005
0.72	0.72	0.3	1.79963018
0.73	0.73	0.3	1.79963027
0.74	0.74	0.3	1.79963033
0.75	0.75	0.3	1.79963038
0.76	0.76	0.3	1.79963041
0.77	0.77	0.3	1.79963044
0.78	0.78	0.3	1.79963046
0.79	0.79	0.3	1.79963047
0.8	0.8	0.3	1.79963048
0.81	0.81	0.3	1.79963049
0.82	0.82	0.3	1.7996305
0.83	0.83	0.3	1.7996305
0.84	0.84	0.3	1.7996305
0.85	0.85	0.3	1.79963051
0.86	0.86	0.3	1.79963051
0.87	0.87	0.3	1.79963051
0.88	0.88	0.3	1.7996305
0.89	0.89	0.3	1.79963051
0.9	0.9	0.3	1.79963051
0.91	0.91	0.3	1.79963051
0.92	0.92	0.3	1.79963051
0.93	0.93	0.3	1.79963051
0.94	0.94	0.3	1.79963051
0.95	0.95	0.3	1.79963051
0.96	0.96	0.3	1.79963051
0.97	0.97	0.3	1.79963051
0.98	0.98	0.3	1.79963051
0.99	0.99	0.3	1.79963051
1	1	0.3	1.79963051
1.01	1.01	0.3	1.79963051
1.02	1.02	0.3	1.79963051
1.03	1.03	0.3	1.79963051
1.04	1.04	0.3	1.79963051
1.05	1.05	0.3	1.79963051
1.06	1.06	0.3	1.79963051
1.07	1.07	0.3	1.79963051
1.08	1.08	0.3	1.79963051
1.09	1.09	0.3	1.79963051
1.1	1.1	0.3	1.79963051
1.11	1.11	0.3	1.79963051
1.12	1.12	0.3	1.79963051
1.13	1.13	0.3	1.79963051
1.14	1.14	0.3	1.79963051
1.15	1.15	0.3	1.79963051
1.16	1.16	0.3	1.79963051
1.17	1.17	0.3	1.79963051
1.18	1.18	0.3	1.79963051
1.19	1.19	0.3	1.79963051
1.2	1.2	0.3	1.79963051
1.21	1.21	0.3	1.79963051
1.22	1.22	0.3	1.79963051
1.23	1.23	0.3	1.79963051
1.24	1.24	0.3	1.79963051
1.25	1.25	0.3	1.79963051
1.26	1.26	0.3	1.79963051
1.27	1.27	0.3	1.79963051
1.28	1.28	0.3	1.79963051
1.29	1.29	0.3	1.79963051
1.3	1.3	0.3	1.79963051
1.31	1.31	0.3	1.79963051
1.32	1.32	0.3	1.79963051
1.33	1.33	0.3	1.79963051
1.34	1.34	0.3	1.79963051
1.35	1.35	0.3	1.79963051
1.36	1.36	0.3	1.79963051
1.37	1.37	0.3	1.79963051
1.38	1.38	0.3	1.79963051
1.39	1.39	0.3	1.79963051
1.4	1.4	0.3	1.79963051
1.41	1.41	0.3	1.79963051
1.42	1.42	0.3	1.79963051
1.43	1.43	0.3	1.79963051
1.44	1.44	0.3	1.79963051
1.45	1.45	0.3	1.79963051
1.46	1.46	0.3	1.79963051
1.47	1.47	0.3	1.79963051
1.48	1.48	0.3	1.79963051
1.49	1.49	0.3	1.79963051
1.5	1.5	0.3	1.79963051
1.51	1.51	0.3	1.79963051
1.52	1.52	0.3	1.79963051
1.53	1.53	0.3	1.79963051
1.54	1.54	0.3	1.79963051
1.55	1.55	0.3	1.79963051
1.56	1.56	0.3	1.79963051
1.57	1.57	0.3	1.79963051
1.58	1.58	0.3	1.79963051
1.59	1.59	0.3	1.79963051
1.6	1.6	0.3	1.79963051
1.61	1.61	0.3	1.79963051
1.62	1.62	0.3	1.79963051
1.63	1.63	0.3	1.79963051
1.64	1.64	0.3	1.79963051
1.65	1.65	0.3	1.79963051
1.66	1.66	0.3	1.79963051
1.67	1.67	0.3	1.79963051
1.68	1.68	0.3	1.79963051
1.69	1.69	0.3	1.79963051
1.7	1.7	0.3	1.79963051
1.71	1.71	0.3	1.79963051
1.72	1.72	0.3	1.79963051
1.73	1.73	0.3	1.79963051
1.74	1.74	0.3	1.79963051
1.75	1.75	0.3	1.79963051
1.76	1.76	0.3	1.79963051
1.77	1.77	0.3	1.79963051
1.78	1.78	0.3	1.79963051
1.79	1.79	0.3	1.79963051
1.8	1.8	0.3	1.79963051
0	0	0.6	1.92682729E-06
0.01	0.01	0.6	1.9277577E-06
0.02	0.02	0.6	1.92760506E-06
0.03	0.03	0.6	1.92727825E-06
0.04	0.04	0.6	1.92816747E-06
0.05	0.05	0.6	1.93056356E-06
0.06	0.06	0.6	1.92898494E-06
0.07	0.07	0.6	1.92852601E-06
0.08	0.08	0.6	1.93028559E-06
0.09	0.09	0.6	1.93482606E-06
0.1	0.1	0.6	1.93433973E-06
0.11	0.11	0.6	1.93402608E-06
0.12	0.12	0.6	1.93918818E-06
0.13	0.13	0.6	1.94129097E-06
0.14	0.14	0.6	1.9472623E-06
0.15	0.15	0.6	1.95386049E-06
0.16	0.16	0.6	1.96540466E-06
0.17	0.17	0.6	2.00661272E-06
0.18	0.18	0.6	2.16851395E-06
0.19	0.19	0.6	2.41024493E-06
0.2	0.2	0.6	2.74026779E-06
0.21	0.21	0.6	3.18498949E-06
0.22	0.22	0.6	3.8259406E-06
0.23	0.23	0.6	5.18909748E-06
0.24	0.24	0.6	9.89664126E-06
0.25	0.25	0.6	2.52438093E-05
0.26	0.26	0.6	6.09120976E-05
0.27	0.27	0.6	0.000119412191
0.28	0.28	0.6	0.000193258038
0.29	0.29	0.6	0.000272940386
0.3	0.3	0.6	0.000351784035
0.31	0.31	0.6	0.000429673289
0.32	0.32	0.6	0.000505946747
0.33	0.33	0.6	0.000582644773
0.34	0.34	0.6	0.000662877527
0.35	0.35	0.6	0.000750389338
0.36	0.36	0.6	0.000849580653
0.37	0.37	0.6	0.000965650754
0.38	0.38	0.6	0.0011047273
0.39	0.39	0.6	0.00127411403
0.4	0.4	0.6	0.00148250623
0.41	0.41	0.6	0.0017402021
0.42	0.42	0.6	0.00205935334
0.43	0.43	0.6	0.00245421153
0.44	0.44	0.6	0.00294132553
0.45	0.45	0.6	0.00353982323
0.46	0.46	0.6	0.00427175482
0.47	0.47	0.6	0.0051625547
0.48	0.48	0.6	0.00624177239
0.49	0.49	0.6	0.0075441748
0.5	0.5	0.6	0.00911154851
0.51	0.51	0.6	0.0109956621
0.52	0.52	0.6	0.0132633058
0.53	0.53	0.6	0.0160054141
0.54	0.54	0.6	0.0193545526
0.55	0.55	0.6	0.0235216252
0.56	0.56	0.6	0.0288816092
0.57	0.57	0.6	0.0362944595
0.58	0.58	0.6	0.0478321032
0.59	0.59	0.6	0.0722143066
0.6	0.6	0.6	0.99049353
0.61	0.61	0.6	1.75111612
0.62	0.62	0.6	1.76711706
0.63	0.63	0.6	1.77601452
0.64	0.64	0.6	1.78067624
0.65	0.65	0.6	1.78423466
0.66	0.66	0.6	1.78714521
0.67	0.67	0.6	1.78942244
0.68	0.68	0.6	1.79122292
0.69	0.69	0.6	1.79266448
0.7	0.7	0.6	1.79382566
0.71	0.71	0.6	1.79476347
0.72	0.72	0.6	1.79552123
0.73	0.73	0.6	1.7961327
0.74	0.74	0.6	1.79662477
0.75	0.75	0.6	1.7970193
0.76	0.76	0.6	1.79733422
0.77	0.77	0.6	1.79758433
0.78	0.78	0.6	1.79778196
0.79	0.79	0.6	1.79793727
0.8	0.8	0.6	1.79805867
0.81	0.81	0.6	1.79815305
0.82	0.82	0.6	1.79822604
0.83	0.83	0.6	1.7982822
0.84	0.84	0.6	1.79832521
0.85	0.85	0.6	1.79835798
0.86	0.86	0.6	1.79838284
0.87	0.87	0.6	1.79840164
0.88	0.88	0.6	1.79841577
0.89	0.89	0.6	1.79842638
0.9	0.9	0.6	1.79843432
0.91	0.91	0.6	1.79844024
0.92	0.92	0.6	1.79844464
0.93	0.93	0.6	1.7984479
0.94	0.94	0.6	1.79845032
0.95	0.95	0.6	1.79845211
0.96	0.96	0.6	1.79845343
0.97	0.97	0.6	1.7984544
0.98	0.98	0.6	1.79845512
0.99	0.99	0.6	1.79845565
1	1	0.6	1.79845603
1.01	1.01	0.6	1.79845632
1.02	1.02	0.6	1.79845653
1.03	1.03	0.6	1.79845668
1.04	1.04	0.6	1.79845679
1.05	1.05	0.6	1.79845687
1.06	1.06	0.6	1.79845693
1.07	1.07	0.6	1.79845698
1.08	1.08	0.6	1.79845701
1.09	1.09	0.6	1.79845704
1.1	1.1	0.6	1.79845705
1.11	1.11	0.6	1.79845707
1.12	1.12	0.6	1.79845708
1.13	1.13	0.6	1.79845708
1.14	1.14	0.6	1.79845709
1.15	1.15	0.6	1.79845709
1.16	1.16	0.6	1.79845709
1.17	1.17	0.6	1.7984571
1.18	1.18	0.6	1.7984571
1.19	1.19	0.6	1.7984571
1.2	1.2	0.6	1.7984571
1.21	1.21	0.6	1.7984571
1.22	1.22	0.6	1.7984571
1.23	1.23	0.6	1.7984571
1.24	1.24	0.6	1.7984571
1.25	1.25	0.6	1.7984571
1.26	1.26	0.6	1.7984571
1.27	1.27	0.6	1.7984571
1.28	1.28	0.6	1.7984571
1.29	1.29	0.6	1.7984571
1.3	1.3	0.6	1.7984571
1.31	1.31	0.6	1.7984571
1.32	1.32	0.6	1.7984571
1.33	1.33	0.6	1.7984571
1.34	1.34	0.6	1.7984571
1.35	1.35	0.6	1.7984571
1.36	1.36	0.6	1.7984571
1.37	1.37	0.6	1.7984571
1.38	1.38	0.6	1.7984571
1.39	1.39	0.6	1.7984571
1.4	1.4	0.6	1.7984571
1.41	1.41	0.6	1.7984571
1.42	1.42	0.6	1.7984571
1.43	1.43	0.6	1.7984571
1.44	1.44	0.6	1.7984571
1.45	1.45	0.6	1.7984571
1.46	1.46	0.6	1.7984571
1.47	1.47	0.6	1.7984571
1.48	1.48	0.6	1.7984571
1.49	1.49	0.6	1.7984571
1.5	1.5	0.6	1.7984571
1.51	1.51	0.6	1.7984571
1.52	1.52	0.6	1.7984571
1.53	1.53	0.6	1.7984571
1.54	1.54	0.6	1.7984571
1.55	1.55	0.6	1.7984571
1.56	1.56	0.6	1.7984571
1.57	1.57	0.6	1.7984571
1.58	1.58	0.6	1.7984571
1.59	1.59	0.6	1.7984571
1.6	1.6	0.6	1.7984571
1.61	1.61	0.6	1.7984571
1.62	1.62	0.6	1.7984571
1.63	1.63	0.6	1.7984571
1.64	1.64	0.6	1.7984571
1.65	1.65	0.6	1.7984571
1.66	1.66	0.6	1.7984571
1.67	1.67	0.6	1.7984571
1.68	1.68	0.6	1.7984571
1.69	1.69	0.6	1.7984571
1.7	1.7	0.6	1.7984571
1.71	1.71	0.6	1.7984571
1.72	1.72	0.6	1.7984571
1.73	1.73	0.6	1.7984571
1.74	1.74	0.6	1.7984571
1.75	1.75	0.6	1.7984571
1.76	1.76	0.6	1.7984571
1.77	1.77	0.6	1.7984571
1.78	1.78	0.6	1.7984571
1.79	1.79	0.6	1.7984571
1.8	1.8	0.6	1.7984571
0	0	0.9	1.14225449E-06
0.01	0.01	0.9	1.14273546E-06
0.02	0.02	0.9	1.14227421E-06
0.03	0.03	0.9	1.14219365E-06
0.04	0.04	0.9	1.14317695E-06
0.05	0.05	0.9	1.14059275E-06
0.06	0.06	0.9	1.1408335E-06
0.07	0.07	0.9	1.14306682E-06
0.08	0.08	0.9	1.14256425E-06
0.09	0.09	0.9	1.14344333E-06
0.1	0.1	0.9	1.13883365E-06
0.11	0.11	0.9	1.13926999E-06
0.12	0.12	0.9	1.13912781E-06
0.13	0.13	0.9	1.14051389E-06
0.14	0.14	0.9	1.14423406E-06
0.15	0.15	0.9	1.14003914E-06
0.16	0.16	0.9	1.14135737E-06
0.17	0.17	0.9	1.14319523E-06
0.18	0.18	0.9	1.14420789E-06
0.19	0.19	0.9	1.14047297E-06
0.2	0.2	0.9	1.14075111E-06
0.21	0.21	0.9	1.1425159E-06
0.22	0.22	0.9	1.19460882E-06
0.23	0.23	0.9	1.74886047E-06
0.24	0.24	0.9	5.32365768E-06
0.25	0.25	0.9	1.89603972E-05
0.26	0.26	0.9	5.19081023E-05
0.27	0.27	0.9	0.000106259831
0.28	0.28	0.9	0.000174187323
0.29	0.29	0.9	0.000245745382
0.3	0.3	0.9	0.00031359213
0.31	0.31	0.9	0.000376688458
0.32	0.32	0.9	0.000433108
0.33	0.33	0.9	0.000483244214
0.34	0.34	0.9	0.000528074777
0.35	0.35	0.9	0.000568596156
0.36	0.36	0.9	0.000605735945
0.37	0.37	0.9	0.000640281358
0.38	0.38	0.9	0.000672898748
0.39	0.39	0.9	0.000704111
0.4	0.4	0.9	0.00073434726
0.41	0.41	0.9	0.000763942242
0.42	0.42	0.9	0.000793158047
0.43	0.43	0.9	0.000822201409
0.44	0.44	0.9	0.000851236646
0.45	0.45	0.9	0.000880389699
0.46	0.46	0.9	0.000909780588
0.47	0.47	0.9	0.000939481345
0.48	0.48	0.9	0.000969591472
0.49	0.49	0.9	0.00100017821
0.5	0.5	0.9	0.00103131984
0.51	0.51	0.9	0.00106311424
0.52	0.52	0.9	0.00109565207
0.53	0.53	0.9	0.0011290742
0.54	0.54	0.9	0.00116352585
0.55	0.55	0.9	0.0011992216
0.56	0.56	0.9	0.0012364294
0.57	0.57	0.9	0.0012754824
0.58	0.58	0.9	0.00131685808
0.59	0.59	0.9	0.00136114688
0.6	0.6	0.9	0.00140914588
0.61	0.61	0.9	0.00146186595
0.62	0.62	0.9	0.00152065124
0.63	0.63	0.9	0.00158723327
0.64	0.64	0.9	0.00166380272
0.65	0.65	0.9	0.00175319126
0.66	0.66	0.9	0.00185893802
0.67	0.67	0.9	0.00198551695
0.68	0.68	0.9	0.00213844004
0.69	0.69	0.9	0.0023245044
0.7	0.7	0.9	0.00255194286
0.71	0.71	0.9	0.00283069639
0.72	0.72	0.9	0.00317256665
0.73	0.73	0.9	0.00359146728
0.74	0.74	0.9	0.00410372402
0.75	0.75	0.9	0.00472825535
0.76	0.76	0.9	0.00548704048
0.77	0.77	0.9	0.0064055299
0.78	0.78	0.9	0.00751339492
0.79	0.79	0.9	0.00884569027
0.8	0.8	0.9	0.010444614
0.81	0.81	0.9	0.0123624873
0.82	0.82	0.9	0.0146669704
0.83	0.83	0.9	0.0174503834
0.84	0.84	0.9	0.0208477745
0.85	0.85	0.9	0.0250748567
0.86	0.86	0.9	0.0305166425
0.87	0.87	0.9	0.0380604304
0.88	0.88	0.9	0.0498336263
0.89	0.89	0.9	0.0746144346
0.9	0.9	0.9	0.986312934
0.91	0.91	0.9	1.7465231
0.92	0.92	0.9	1.76340916
0.93	0.93	0.9	1.77251632
0.94	0.94	0.9	1.77696063
0.95	0.95	0.9	1.78037466
0.96	0.96	0.9	1.78322673
0.97	0.97	0.9	1.78544725
0.98	0.98	0.9	1.78719215
0.99	0.99	0.9	1.78858302
1	1	0.9	1.7896993
1.01	1.01	0.9	1.79059828
1.02	1.02	0.9	1.7913232
1.03	1.03	0.9	1.79190752
1.04	1.04	0.9	1.7923776
1.05	1.05	0.9	1.79275466
1.06	1.06	0.9	1.79305593
1.07	1.07	0.9	1.79329554
1.08	1.08	0.9	1.79348516
1.09	1.09	0.9	1.79363441
1.1	1.1	0.9	1.79375124
1.11	1.11	0.9	1.7938422
1.12	1.12	0.9	1.79391265
1.13	1.13	0.9	1.79396693
1.14	1.14	0.9	1.79400854
1.15	1.15	0.9	1.7940403
1.16	1.16	0.9	1.79406445
1.17	1.17	0.9	1.79408274
1.18	1.18	0.9	1.79409654
1.19	1.19	0.9	1.79410693
1.2	1.2	0.9	1.79411472
1.21	1.21	0.9	1.79412055
1.22	1.22	0.9	1.7941249
1.23	1.23	0.9	1.79412815
1.24	1.24	0.9	1.79413057
1.25	1.25	0.9	1.79413237
1.26	1.26	0.9	1.7941337
1.27	1.27	0.9	1.79413469
1.28	1.28	0.9	1.79413542
1.29	1.29	0.9	1.79413597
1.3	1.3	0.9	1.79413637
1.31	1.31	0.9	1.79413666
1.32	1.32	0.9	1.79413688
1.33	1.33	0.9	1.79413704
1.34	1.34	0.9	1.79413716
1.35	1.35	0.9	1.79413725
1.36	1.36	0.9	1.79413732
1.37	1.37	0.9	1.79413737
1.38	1.38	0.9	1.7941374
1.39	1.39	0.9	1.79413743
1.4	1.4	0.9	1.79413744
1.41	1.41	0.9	1.79413746
1.42	1.42	0.9	1.79413747
1.43	1.43	0.9	1.79413748
1.44	1.44	0.9	1.79413748
1.45	1.45	0.9	1.79413749
1.46	1.46	0.9	1.79413749
1.47	1.47	0.9	1.79413749
1.48	1.48	0.9	1.7941375
1.49	1.49	0.9	1.7941375
1.5	1.5	0.9	1.7941375
1.51	1.51	0.9	1.7941375
1.52	1.52	0.9	1.7941375
1.53	1.53	0.9	1.7941375
1.54	1.54	0.9	1.79413749
1.55	1.55	0.9	1.7941375
1.56	1.56	0.9	1.7941375
1.57	1.57	0.9	1.7941375
1.58	1.58	0.9	1.7941375
1.59	1.59	0.9	1.79413749
1.6	1.6	0.9	1.7941375
1.61	1.61	0.9	1.79413749
1.62	1.62	0.9	1.79413749
1.63	1.63	0.9	1.7941375
1.64	1.64	0.9	1.7941375
1.65	1.65	0.9	1.79413749
1.66	1.66	0.9	1.79413749
1.67	1.67	0.9	1.79413749
1.68	1.68	0.9	1.79413749
1.69	1.69	0.9	1.79413749
1.7	1.7	0.9	1.79413749
1.71	1.71	0.9	1.79413749
1.72	1.72	0.9	1.79413749
1.73	1.73	0.9	1.79413749
1.74	1.74	0.9	1.79413749
1.75	1.75	0.9	1.79413749
1.76	1.76	0.9	1.79413749
1.77	1.77	0.9	1.79413749
1.78	1.78	0.9	1.79413749
1.79	1.79	0.9	1.79413749
1.8	1.8	0.9	1.79413749
0	0	1.2	1.14483551E-06
0.01	0.01	1.2	1.14152228E-06
0.02	0.02	1.2	1.14409302E-06
0.03	0.03	1.2	1.14198116E-06
0.04	0.04	1.2	1.14172955E-06
0.05	0.05	1.2	1.14361313E-06
0.06	0.06	1.2	1.14348407E-06
0.07	0.07	1.2	1.14376853E-06
0.08	0.08	1.2	1.14466766E-06
0.09	0.09	1.2	1.14238606E-06
0.1	0.1	1.2	1.14133247E-06
0.11	0.11	1.2	1.141913E-06
0.12	0.12	1.2	1.1444342E-06
0.13	0.13	1.2	1.14377915E-06
0.14	0.14	1.2	1.14394924E-06
0.15	0.15	1.2	1.14529564E-06
0.16	0.16	1.2	1.14406635E-06
0.17	0.17	1.2	1.14460406E-06
0.18	0.18	1.2	1.14376169E-06
0.19	0.19	1.2	1.1445667E-06
0.2	0.2	1.2	1.14481077E-06
0.21	0.21	1.2	1.14284624E-06
0.22	0.22	1.2	1.19442736E-06
0.23	0.23	1.2	1.75279289E-06
0.24	0.24	1.2	5.32555336E-06
0.25	0.25	1.2	1.89600093E-05
0.26	0.26	1.2	5.191113E-05
0.27	0.27	1.2	0.00010626229
0.28	0.28	1.2	0.000174188269
0.29	0.29	1.2	0.000245743848
0.3	0.3	1.2	0.000313593901
0.31	0.31	1.2	0.000376686554
0.32	0.32	1.2	0.000433103596
0.33	0.33	1.2	0.000483235082
0.34	0.34	1.2	0.000528065103
0.35	0.35	1.2	0.00056858361
0.36	0.36	1.2	0.000605714274
0.37	0.37	1.2	0.00064025547
0.38	0.38	1.2	0.00067285367
0.39	0.39	1.2	0.000704050824
0.4	0.4	1.2	0.00073426843
0.41	0.41	1.2	0.00076382863
0.42	0.42	1.2	0.000793001347
0.43	0.43	1.2	0.000821988349
0.44	0.44	1.2	0.000850941769
0.45	0.45	1.2	0.000879982422
0.46	0.46	1.2	0.000909210096
0.47	0.47	1.2	0.000938709682
0.48	0.48	1.2	0.000968523153
0.49	0.49	1.2	0.000998706702
0.5	0.5	1.2	0.00102930433
0.51	0.51	1.2	0.00106034302
0.52	0.52	1.2	0.0010918611
0.53	0.53	1.2	0.00112388093
0.54	0.54	1.2	0.00115642607
0.55	0.55	1.2	0.00118953095
0.56	0.56	1.2	0.00122321421
0.57	0.57	1.2	0.00125751018
0.58	0.58	1.2	0.00129243306
0.59	0.59	1.2	0.00132802152
0.6	0.6	1.2	0.00136431715
0.61	0.61	1.2	0.00140135045
0.62	0.62	1.2	0.00143916684
0.63	0.63	1.2	0.00147781838
0.64	0.64	1.2	0.00151735618
0.65	0.65	1.2	0.00155785559
0.66	0.66	1.2	0.00159938585
0.67	0.67	1.2	0.00164203868
0.68	0.68	1.2	0.00168592446
0.69	0.69	1.2	0.00173116707
0.7	0.7	1.2	0.00177791166
0.71	0.71	1.2	0.00182636277
0.72	0.72	1.2	0.00187672749
0.73	0.73	1.2	0.00192930171
0.74	0.74	1.2	0.00198442265
0.75	0.75	1.2	0.0020425507
0.76	0.76	1.2	0.00210424751
0.77	0.77	1.2	0.00217027414
0.78	0.78	1.2	0.002241571
0.79	0.79	1.2	0.00231947346
0.8	0.8	1.2	0.00240572979
0.81	0.81	1.2	0.00250276073
0.82	0.82	1.2	0.00261395865
0.83	0.83	1.2	0.0027441063
0.84	0.84	1.2	0.00290010507
0.85	0.85	1.2	0.00309191072
0.86	0.86	1.2	0.0033339904
0.87	0.87	1.2	0.00364714192
0.88	0.88	1.2	0.00406049186
0.89	0.89	1.2	0.00461255568
0.9	0.9	1.2	0.0053498362
0.91	0.91	1.2	0.00632104668
0.92	0.92	1.2	0.00756784826
0.93	0.93	1.2	0.00911632515
0.94	0.94	1.2	0.0109740606
0.95	0.95	1.2	0.0131335921
0.96	0.96	1.2	0.0155792415
0.97	0.97	1.2	0.0182937657
0.98	0.98	1.2	0.0212633825
0.99	0.99	1.2	0.0244811013
1	1	1.2	0.0279490192
1.01	1.01	1.2	0.0316801883
1.02	1.02	1.2	0.0357002823
1.03	1.03	1.2	0.0400492016
1.04	1.04	1.2	0.0447824107
1.05	1.05	1.2	0.0499712197
1.06	1.06	1.2	0.0557008108
1.07	1.07	1.2	0.062064304
1.08	1.08	1.2	0.0691516445
1.09	1.09	1.2	0.0770345512
1.1	1.1	1.2	0.0857575611
1.11	1.11	1.2	0.0953495428
1.12	1.12	1.2	0.105879465
1.13	1.13	1.2	0.117591581
1.14	1.14	1.2	0.131255763
1.15	1.15	1.2	0.149973255
1.16	1.16	1.2	0.18953684
1.17	1.17	1.2	0.32787119
1.18	1.18	1.2	0.550994762
1.19	1.19	1.2	0.768571814
1.2	1.2	1.2	0.952222882
1.21	1.21	1.2	1.09937184
1.22	1.22	1.2	1.21324499
1.23	1.23	1.2	1.29923989
1.24	1.24	1.2	1.36295663
1.25	1.25	1.2	1.4094823
1.26	1.26	1.2	1.44306618
1.27	1.27	1.2	1.46707891
1.28	1.28	1.2	1.4841815
1.29	1.29	1.2	1.49634513
1.3	1.3	1.2	1.50501385
1.31	1.31	1.2	1.51123059
1.32	1.32	1.2	1.51570877
1.33	1.33	1.2	1.518952
1.34	1.34	1.2	1.52131174
1.35	1.35	1.2	1.52304434
1.36	1.36	1.2	1.52430438
1.37	1.37	1.2	1.52523364
1.38	1.38	1.2	1.52591764
1.39	1.39	1.2	1.52642189
1.4	1.4	1.2	1.52679362
1.41	1.41	1.2	1.52705609
1.42	1.42	1.2	1.52726151
1.43	1.43	1.2	1.52740499
1.44	1.44	1.2	1.52752049
1.45	1.45	1.2	1.52759333
1.46	1.46	1.2	1.52765897
1.47	1.47	1.2	1.52769711
1.48	1.48	1.2	1.52773403
1.49	1.49	1.2	1.52774974
1.5	1.5	1.2	1.52776453
1.51	1.51	1.2	1.52778251
1.52	1.52	1.2	1.52778528
1.53	1.53	1.2	1.52779302
1.54	1.54	1.2	1.52779738
1.55	1.55	1.2	1.527798
1.56	1.56	1.2	1.52780124
1.57	1.57	1.2	1.52780214
1.58	1.58	1.2	1.52778706
1.59	1.59	1.2	1.52778711
1.6	1.6	1.2	1.5277943
1.61	1.61	1.2	1.52778961
1.62	1.62	1.2	1.52778621
1.63	1.63	1.2	1.52778138
1.64	1.64	1.2	1.52777753
1.65	1.65	1.2	1.52777067
1.66	1.66	1.2	1.52776462
1.67	1.67	1.2	1.52776093
1.68	1.68	1.2	1.5277531
1.69	1.69	1.2	1.52774981
1.7	1.7	1.2	1.52774677
1.71	1.71	1.2	1.52773578
1.72	1.72	1.2	1.52773274
1.73	1.73	1.2	1.5277248
1.74	1.74	1.2	1.52770974
1.75	1.75	1.2	1.52771551
1.76	1.76	1.2	1.52769997
1.77	1.77	1.2	1.52769391
1.78	1.78	1.2	1.52768879
1.79	1.79	1.2	1.52767608
1.8	1.8	1.2	1.52766068
